ID,仅普通评审,大文娱,,,,,,,,,,,,,,,,,,,,,,,,,,,,,人文历史,,,,,,,,,,,,,,,,,,,,,,,,,,,,,,,,,,,,,,,科技工程,,,,,,,,,,,,,,,,,,,,,,科教自然,,,,,,,,,,,,,,,,
,,影视音综,,,,,,,,,,,,娱乐人物,体育,,,,,,,,ACGN,,,,,,,,地理,,,,,,,,,,,历史,,,,,文学,,,,,,,,,,,,,,,,,,,,,,,交通,,,,,,,,,工程/航天,,,,,科技,,,,,,军事,,教育与科学研究,,,,,动植物,,,,,,,化学,学科专业,,,
,,影视,音乐,古典音乐人、团体,西方音乐体裁,节目,演唱会,戏剧,戏曲,戏曲曲艺人物,相声小品,广播/频道,奖项,明星,体育项目,赛事,运动员,俱乐部/运动队,武术套路,电子竞技,奥运标志,中国象棋术语,从业者,游戏,动画作品,漫画/娱乐小说作品,ACG角色,ACG组织,ACG物品,布袋戏,行政区划,景点景观,历史遗迹,河流,山脉,湖泊,地理标志,气旋,传统村落,可移动文物,天文,历史人物,战争类,政权类,历史事件,古代官职,文学作品,社科著作,古代诗文,现代诗文,外文诗文,相声作品,文学虚拟人物,文艺创作者,非遗,曲艺,服饰,神话形象,徽记,姓氏,传统文学体裁,汉字,成语,网络语言,纪念币/钞,邮票,节日,工具书,艺术品,铁路车站,城轨交通车站,民用机场,港口口岸（码头）,城市轨道交通系统,铁路线路,城市轨道交通线路,公交系统,公交线路,桥梁,隧道,公路线路,航天装备,工法,电子产品,电子产品发布会,操作系统,软件,科技赛事,标准物质,军事装备,旗帜,教学科研人物,图书馆,学校,科研平台,教育科研奖项与人才计划类,动物,植物,作物育成品种,真菌,植物病害,生态学名词,动物病害,化学品,高等学校专业,会展,社会团体,高等学校课程
LionheartY,,〇,〇,,,〇,,,,,,,〇,〇,,,,,,,,,,〇,,,,,,,,,,,,,,,,,,,,,,,,,,,,,,,,,,,,,,,,,,,,,,,,,,,,,,,,,,,,,,,,,,,,,,,,,,〇,,,,,,,,,,
易尘Eason,,〇,〇,,,〇,,〇,〇,,,,〇,〇,,〇,〇,〇,,〇,,,,〇,,,,,,〇,,,,,,,,,,,,,,,,,〇,,,,,,,,,,〇,,,,,,,,,,,,,,,,,,,,,,,,,,,,,,,,,,,,,,,,,,,,,,,,,,,
Adzwlqxm,,〇,〇,,,,〇,,,,,,,〇,,,,,,,,,,,,,,,,,,,,,,,,,,,,,,,,,,,,,,,,,,,,,,,,,,,,,,,,,,,,,,,,,,,,,,,,,,,,,,,,,,,,,,,,,,,,,,
音乐精灵X,,〇,〇,,,,,,,,,,,〇,,,,,,,,,,,,,,,,,,,,,,,,,,,,,,,,,,,,,,,,,,,,,,,,,,,,,,,,,,,,,,,,,,,,,,,,,,,,,,,,,,,,,,,,,,,,,,
愛東的賢,,〇,〇,,,,,,,,,,〇,〇,,,,,,,,,,,,,,,,,,,,,,,,,,,,,,,,,,,,,,,,,,,,,,,,,,,,,,,,,,,,,,,,,,,,,,,,,,,,,,,,,,,,,,,,,,,,,,
Retingber,,〇,〇,,,〇,,,,,〇,,,〇,,,,,,,,,,,,,,〇,,,,,,,,,,,,,,,,,,,,,,,,,,,,,,,,,,,,,,,,,,〇,,,,,,,,,,,,,,〇,,,,,,,,,,,,,,,,,,,,,,,,〇
雅俗共赏2002,,〇,〇,,,〇,,〇,〇,,〇,〇,〇,〇,,,,,,,,,,〇,,,,,,,,,,,,,,,,,,,,,,,,,〇,〇,,,,,,,〇,,,,,,,,,,,,,,,,,,,,,,,,,,,,,,,,,,,,,,,,,,,,,,,,,,〇,
clairelutianyi,,〇,〇,,,,,,,,,,,,,,,,,,,,,,〇,〇,,,,,,,,,,,,,,,,,,,,,,,,,,,,,,,,,,,,,,,,,,,,,,,,,,,,,,,,,,,,,,,,,,,,,,,,,,,,,,,,,,
戀愛智多星,,〇,,,,,,,,,,,,〇,,,,,,,,,,,,,,,,,,,,,,,,,,,,,,,,,,,,,,,,,,,,,,,,,,,,,,,,,,,,,,,,,,,,,,,,,,,,,,,,,,,,,,,,,,,,,,
N克拉的眼泪,,〇,,,,,,,,,,,,〇,,,,,,,,,,,,,,,,,,,,,,,,,,,,,,,,,,,,,,,,,,,,,,,,,,,,,,,,,,,,,,,,,,,,,,,,,,,,,,,,,,,,,,,,,,,,,,
清草咸鱼,,〇,,,,,,,,,,,,,,,,,,,,,,,,,,,,,,,,,,,,,,,,,,,,,,,,,,,,,,,,,,,,,,,,,,,,,,,,,,,,,,,,,,,,,,,,,,,,,,,,,,,,,,,,,,
嘿一只笨猫,,〇,,,,〇,〇,,,,,,,,,,,,,,,,,,,,,,,,,,,,,,,,,,,,,,,,,,,,,,,,,,,,,,,,,,,,,,,,,,,,,,,,,,,,,,,,,,,,,,,,,,,,,,,,,,,,,
I武战I,,〇,,,,,,,,,,,,〇,,,,,,,,,,,,,,,,,,,,,,,,,,,,,,,,,,,,,,,,,,,,,,,,,,,,,,,,,,,,,,,,,,,,,,,,,,,,,,,,,,,,,,,,,,,,,,
蓝小沁a,,〇,,,,,,,,,,,,〇,,,,,,,,,,,,,,,,,,,,,,,,,,,,,,,,,,,,,,,,,,,,,,,,,,,,,,,,,,,,,,,,,,,,,,,,,,,,,,,,,,,,,,,,,,,,,,
一战败北,,〇,〇,,,,,,,,,,,〇,,,,,,,,,,,,,,,,,,,,,,,,,,,,,,,,,,,,,,,,,,,,,,,,,,,,,,,,,,,,,,,,,,,,,,,,,,,,,,,,,,,,,,,,,,,,,,
dj9735215,,〇,,,,,,,,〇,,,,,,,,,,,,,,,,,,,,,,,,,,,,,,,,,,,,,〇,,,,,,,,,,,,,,,,,,,,,,,,,,,,,,,,,,,,,,,,,,,,,,,,,,,,,,,,,,,,,
_GGG13,,〇,,,,,,,,,,,,,,,,,,,,,,,,,,,,,,,,,,,,,,,,,,,,,,,,,,,,,,,,,,,,,,,,,,,,,,,,,,,,,,,,,,,,,,,,,,,,,,,,,,,,,,,,,,
彩虹的微笑7509,,〇,,,,,,,,,,,,,,,,,,,,,,,,,,,,,,,,,,,,,,,,,,,,,,,,,,,,,,,,,,,,,,,,,,,,,,,,,,,,,,,,,,,,,,,,,,,,,,,,,,,,,,,,,,
万古昌清,,〇,,,,,,,,,,,〇,,,,,,,,,,,,,,,,,,,,,,,,,,,,,,,,,,,,,,,,,,,,,,,,,,,,,,,,,,,,,,,,,,,,,,,,,,,,,,,,,,,,,,,,,,,,,,,
张朕萧,,〇,,,,,,,〇,〇,,,〇,〇,,,,,,,,,,,,,,,,,,,,,,,,,,,,〇,〇,〇,〇,,,〇,〇,,,〇,〇,,,,〇,,,,,,,,,〇,,,,,,,,,,,,,,,,,,,,,,,,,,,,,,,,,,,,,,,,,,
申义亚,,〇,,,,,,,,,,,,〇,,,,,,,,,,,,,,,,,,,,,,,,,,,,,,,,,,,,,,,,,,,,,,,,,,,,,,,,,,,,,,,,,,,,,,,,,,,,,,,,,,,,,,,,,,,,,,
椿兮如霖,,〇,,,,,,,,,,,,,,,,,,,,,,,,,,,,,,,,,,,,,,,,,,,,,,,,,,,,,,,,,,,,,〇,,〇,〇,,,,,,,,,,,,,,,,,,,,,,,,,,,,,,,〇,〇,〇,〇,〇,,,,,,,
靓之美工,,,〇,,,,〇,,,,,,〇,〇,,,,,,,,,,,,,,,,,,,,,,,,,,,,,,,,,,,,,,,,,,,,,,,,,,,,,,,,,,,,,,,,,,,,,,,,,,,,,,,,,,,,,,,,,,,,,,
yanloci,,,〇,,,,〇,,,,,,,〇,,,,,,,,,,,,,,,,,,,,,,,,,,,,,,,,,,,,,,,,,,,,,,,,,,,,,,,,,,,,,,,,,,,,,,,,,,,,,,,,,,,,,,,,,,,,,,
123名的春天,,,〇,,,,〇,,,,,,,〇,,,,,,,,,,,,,,,,,,,,,,,,,,,,,,,,,,,,,,,,,,,,,,,,,,,,,,,,,,,,,,,,,,,,,,,,,,,,,,,,,,,,,,,,,,,,,,
Voyageur70,,,,〇,〇,,,,,,,,,〇,,,,,,,,,,,,,,,,,,,,,,,,,,,,,,,,,,,,,,,,,,,,,,,,,,,,,,,,,,,,,,,,,,,,,,,,,,,,,,,,,,,,,,,,,,,,,,
周大头51,,,,〇,,,,,,,,,,〇,,,,,,,,,,,,,,,,,,,,,,,,,,,,,,,,,,,,,,,,,,,,,,,,,,,,,,,,,,,,,,,,,,,,,,,,,,,,,,,,,,,,,,,,,,,,,,
dianf1,,,,,,〇,,,,,,,,,,,,,,,,,,,,,,,,,,,,,,,,,,,,,,,,,,,,,,,,,,,,,,,,,,,,,,,,,,,,,,,,,,,,,,,,,,,,,,,,,,,,,,,,,,,,,,
梦中de忧伤,,,,,,〇,,,,,,,,,,,,,,,,,,,,,〇,,,,,,,,,,,,,,,,,,,,,,,,,,,,,,,,,,,,,,,,,,,,,,,,,,,,,,,,,,,,,,,,,,,,,,,,,,,,,,,,,
limin132456,,,,,,,〇,,,,,,,,,,,,,,,,,,,,,,,,,,,,,,,,,,,,,,,,,,,,,,,,,,,,,,,,,,,,,,,,,,,,,,,,,,,,,,,,,,,,,,,,,,,,,,,,,,,,,
丨丨十年丨丨,,,,,,,,,,〇,,,,,,,,,,,,,,,,,,,,,,,,,,,,,,,,,,,,,,,,,,〇,,,,,,,,,,,,,,,,,,,,,,,,,,,,,,,,,,,,,,,,,,,,,,,,,,,,,,,,
zhao86785241,,,,,,,,,,〇,,〇,,,,,,,,,,〇,,,,,,,,,,,,,,,,,,,,,,,,,,,〇,,〇,,,,,〇,,,,,,〇,〇,,,,,〇,,,,,,,,,,,,,,,,,,,,,,,,,,,,,〇,〇,〇,,,〇,〇,,,,,
羊咩咩的叫喔,,,,,,,,,,,,,,〇,,,,,,,,,,,,,,,,,,,,,,,,,,,,,,,,,,,,,,,,,,,,,,,,,,,,,,,,,,,,,,,,,,,,,,,,,,,,,,,,,,,,,,,,,,,,,,
无所谓的下限,,,,,,,,,,,,,,,,〇,〇,〇,,,,,,,,〇,〇,,,,,,,,,,,,,,,,,,,,,,,,,,,,,,,,,,,,,,,,,,,,,,,,,,,,,,,,,,,,,,,,,,,,,,,,,,,,,,,,,
南苑主,,,,,,,,,,,,,,,,〇,〇,〇,,,,,,,,,,,,,,,,,,,,,,,,,,,,,,,,,,,,,,,,,,,,,,,,,,,,,,,,,,,,,,,,,,,,,,,,,,,,,,,,,,,,,,,,,,
24晓时羽落,,,,,,,,,,,,,,,〇,〇,〇,〇,,,,,,,,,,,,,,,,,,,,,,,,,,,,,,,,,,,,,,,,,,,,,,,,,,,,,,,,,,,,,,,,,,,,,,,,,,,,,,,,,,,,,,,,,,
肥阳,,,,,,,,,,,,,,,,〇,〇,〇,,,,,,,,,,,,,,,,,,,,,,,,,,,,,,,,,,,,,,,,,,,,,,,,,,,,,,,,,,,,,,,,,,,,,,,,,,,,,,,,,,,,,,,,,,
洛嵩一,,,,,,,,,,,,,,,〇,〇,〇,〇,〇,,,,,,,,,,,,,,,,,,,,,,,,,,,,,,〇,,,,,,〇,,,,,,,,,,,,,,,,,,,,,,,,,,,,,,,,,,,,,,,,,,,,,,,,,,,,,
钊64,,,,,,,,,,,,,,,,〇,〇,,,,,,,,,,,,,,,,,,,,,,,,,,,,,,,,,,,,,,,,,,,,,,,,,,,,,,,,,,,,,,,,,,,,,,,,,,,,,,,,,,,,,,,,,,,
足球场的守望者,,,,,,,,,,,,,,,,〇,〇,〇,,,,,,,,,,,,,,,,,,,,,,,,,,,,,,,,,,,,,,,,,,,,,,,,,,,,,,,,,,,,,,,,,,,,,,,,,,,,,,,,,,,,,,,,,,
衡山侠士,,,,,,,,,,,,,,,,〇,〇,,,,,,,,,,,,,,,,,,,,,,,,,,,,,,,,,,,,,,,,,,,,,,,,,,,,,,,,,,,,,,,,,,,,,,,,,,,,,,,,,,,,,,,,,,,
fastwalk,,,,,,,,,,,,,,,,〇,〇,〇,,,,,,,,,,,,,,,,,,,,,,,,,,,,,,,,,,,,,,,,,,,,,,,,,,,,,,,,,,,,,,,,,,,,,,,,,,,,,,,,,,,,,,,,,,
羽化而登山,,,,,,,,,,,,,,,,〇,〇,〇,,,,,,,,,,,,,,,,,,,,,,,,,,,,,,,,,,,,,,,,,,,,,,,,,,,,,,,,,,,,,,,,,,,,,,,,,,,,,,,,,,,,,,,,,,
九把迷路的刀,,,,,,,,,,,,,,,,,,,,,,,,,,,〇,〇,,,,,,,,,,,,,,,,,,,,,,,,,,,,,,,,,,,,,,,,,,,,,,,,,,,,,,,,,,,,,,,,,,,,,,,,,,,,,,,,
人行道路人甲,,,,,,,,,,,,,,,,,,,,,,,〇,,〇,〇,,,,,,,,,,,,,,,,,,,,,,,,,,,,,,,,,,,,,,,,,,,,,,,,,,,,,,,,,,,,,,,,,,,,,,,,,,,,,,,,,,
Dickinzz,,,,,,,,,,,,,,,,,,,,,,,,,,,〇,〇,〇,,,,,,,,,,,,,,,,,,,,,,,,,,,,,,,,,,,,,,,,,〇,,,〇,,,,,〇,,,,,,,,,,,,,,,,,,,,,,,,,,,,,,
苏坡旧旧,,,,,,,,,,,,,,,,,,,,〇,,,,〇,,,〇,,,,,,,,,,,,,,,,,,,,,,,,,,,,,,,,,,,,,,,,,,,,,,,,,,,,,,,,,,,,,,,,,,,,,,,,,,,,,,,,,
新日暮里跤王,,,,,,,,,,,,,,,,,,,,〇,,,,〇,〇,〇,〇,〇,〇,,,,,,,,,,,,,,,,,,,,,,,,,,,,,,,,,,,,,,,,,,,,,,,,,,,,,,,,,,,,,,,,,,,,,,,,,,,,,,,
快乐无极限3838,,,,,,,,,,,,,,,,,,,,,,,,,,,〇,,,,,,,,,,,,〇,,,,,,,,〇,,,,,,,,〇,,,,,,,〇,,,〇,〇,,〇,,〇,〇,〇,〇,〇,〇,〇,〇,〇,〇,〇,〇,,,,,,,,,,,,,,,,,,,,,,,,,,,
龙的传人_1976,,,,,,,,,,,,,,,,,,,,,,,,,,,,,,,〇,〇,〇,,,,,,,,,,,,,,,,,,,,,,,,,,,,,,,,,,,,,,,,,,,,,,,,,,,,,,,,,,,,,,,,,,,,,,,,,,,
Similarity_,,,,,,,,,,,,,,,,,,,,,,,,,,,,,,,,,,,,,,,,,,,,,,,〇,〇,,,,,,,〇,,,,,,,,,,,,,,,,,,,,,,,,,,,,,,,,,,,,,,,,,,,,,,,,,,,,,
A信服谎言A,,,,,,,,,,,,,,,,,,,,,,,,,,,,,,,〇,〇,〇,〇,〇,〇,,〇,,,,,,,,,,,,,,,,,,,,,,,,,,,,,,,,,,,,,,,,,,,,,,,,,,,,,,,,,,,,,,,,,,,,,,
TFK胖台风圆规,,,,,,,,,,,,,,,,,,,,,,,,,,,,,,,,〇,〇,,,,,〇,,,,,,,,,,,,,,,,,,,,,,,,,,,,,,,,,,,,,,,,,,,,,,,,,,,,,,,,,,,,,,,,,,,,,,
banzhipochuan,,,,,,,,,,,,,,,,,,,,,,,,,,,,,,,〇,〇,〇,,,,〇,,〇,,,,,,,,,,,,,,,,,,,,,,,,,,,,,,,,,,,,,,,,,,,,,,,,,,,,,,,,,,,,,,,,,,,,,
林冥xxk,,,,,,,,,,,,,,,,,,,,,,,,,,,,,,,,,,,,,,,,,,,,,,,,,,,,,,,,,,,,,,,,,,,,,,〇,〇,〇,,〇,〇,〇,,〇,〇,,,,,,,,,,,,,,,,,,,,,,,,,,,,,
糯糯咕噜,,,,,,,,,,,,,,,,,,,,,,,,,,,,,,,,,,,,,,,,,,,,,,,,,,,,,,,,,,,,,,,,,,,,,,〇,〇,,〇,〇,〇,〇,〇,〇,〇,〇,〇,〇,,,,,,,,〇,,,,,,,,,,,,,,,,,,
清风亦客,,,,,,,,,,,,,,,,,,,,,,,,,,,,,,,,,,,,,,,,,,,,,,,,,,,,,,,,,,,,,,,,,,,,,,,,,,,,,,,,,,〇,〇,,,,,,,〇,〇,,,,,,,,,,,,,,,,,
仅此一次而己了,,,,,,,,,,,,,,,,,,,,,,,,,,,,,,,,,,,,,,,,,,,,,,,,,,,,,,,,,,,,,,,,,,,,,,〇,,,〇,,〇,,,〇,〇,,,,,,,,,,,,,,,,,,,,,,,,,,,,,
lhl889,,,,,,,,,,,,,,,,,,,,,,,,,,,,,,,〇,〇,〇,,,〇,〇,〇,〇,,,,,,,,,,,,,,,,〇,,,,,,,,,,,,,,,,,,,,,,,,,,,,,,,,,,,,,,,,,,,,,,,,,,,,,
gfy326956493,,,,,,,,,,,,,,,,,,,,,,,,,,,,,,,〇,〇,〇,,,,〇,,,,,,,,,,,,,,,,,,,,,,,,,,,,,,,,,,,〇,,,,,,,,,,,,,,,,,,,〇,〇,,〇,〇,,,,,,,,,,,〇,〇,
有坂真白公式,,,,,,,,,,,,,,,,,,,,〇,,,,〇,,,,,,,,,,,,,,,,,,,,,,,,,,,,,,,,,,,,,,,,,,,,,,,,,,,,,,〇,,,,,,,,,,,,,,,,,,,,,,,,,,,,,,
TR小米哥,,,,,,,,,,,,,,,,,,,,,,,,,,,,,,,,,,,,,,,,,,,,,,,,,,,,,,,,,,,,,,,,,,,,,,〇,〇,,,,,,,,〇,〇,,,,,,,,,,,,,,,,,,,,,,,,,,,,
ljxgeo,,,,,,,,,,,,,,,,,,,,,,,,,,,,,,,,〇,,,,,〇,,,,,,,,,,,,,,,,,,,,,,,,,,,,,,,,,,,〇,,,,,,,,,,,,,,,,,,,,,,,,,,,,,,,,,,,,
期盼的曙光丶,,,,,,,,,,,,,,,,,,,,,,,,,,,,,,,,,,,,,,,,,,,,,,,,,,,,,,,,,,,,,,,,,,,,,,〇,,〇,,,〇,,,,〇,,,,,,,,,,,,,,,,,,,,,,,,,,,,,
少年云霁,,,,,,,,,,,,,,,,,,,,,,,,,,,,,,,,,,,,,,,,,,,,,,,,,,,,,,,,,,,,,,,,,,,,,,〇,〇,,,,,〇,,,,,,,,,,,,,,,,,,,,,,,,,,,,,,,,
roshel312,,,,,,,,,,,,,,,,,,,〇,,,,,,,,,,,,,〇,〇,,,,,〇,,,,,,,,,,,,,,,,,,,,,,,,,,,,,,,,,〇,,,,,,,〇,,,,,,〇,,,,,,,,,,,,,,,,,,,,,,,,
熬不过今ye,,,,,,,,,,,,,,,,,,,,,,,,,,,,,,,,,,,,,,,,,,,,,,,,,,,,,,,,,,,,,,,,,,,,,,〇,〇,,,,,〇,,,〇,,,,,,,,,,,,,,,,,,,,,,,,,,,,,
聪明伶俐的小兔,,,,,,,,,,,,,,,,,,,,,,,,,,,,,,,,,,,,,,,,,,,,,,,,,,,,,,,,,,,,,,,,,,,,,,,,,,,〇,,,,,,,,,,,,,,,,,,,,,,,,,,,,,,,,,
jerryjerryliu1,,,,,,,,,,,,,,,,,,,,,,,,,,,,,,,,,,,,,,,,,,,,,,,,,,,,,,,,,,,,,,,,,,,,,,,,,,,,,,,,,〇,,,,,,,,,,,,,,,,,,,,,,,,,,,
乐观的钟皓宇80,,,,,,,,,,,,,,,,,,,,,,,,,,,,,,,,,,,,,,,,,,,,,,,,,,,,,,,,,,,,,,,,,,,,,,,,,,,,,,,,,,,,〇,〇,〇,,〇,,,,,,,,,,,,,,,,,,,,
玩心Z少年,,,,,,,,,,,,,,,,,,,,,,,,,,,,,,,,,,,,,,,,,,,,,,,,,,,,,,,,,,,,,,,,,,,,,,,,,,,,,,,,,,,,〇,,〇,〇,〇,,,,,,,,,,,,,,,,,,,,
lydiayang99,,,,,,,,,,,,,,,,,,,,,,,,,,,,,,,〇,〇,〇,,,,,,,,,,,,,,,,,,,,,,,,,,,,,,,,,,,,,,,,,,,,,,,,,,,,,,,,,,,,,,,,,,,,,,,,,,,
zzy0990,,,,,,,,,,,,,,,,,,,,,,,,,,,,,,,〇,,,,,,,,,,,,,,,,,,,,,,,,,,,,,,,,,,,,,,,,,,,,,,,,,,,,,,,,,,,,,,,,,,,,,,,,,,,,,
辣条让我堕落,,,,,,,,,,,,,,,,,,,,,,,,,,,,,,,〇,,,,,,,,,,,,,,,,,,,,,,,,,,,,,,,,,,,,,,,,,,,,,,,,,,,,,,,,,,,,,〇,,〇,〇,,,,,,,,,,,,,
EQLWGRX,,,,,,,,,,,,,,,,,,,,,,,,,,,,,,,,,,,,,,,,,,,,,,,〇,〇,〇,,,,,,〇,,,,,,,,,,,,,,,,,,,,,,,,,,,,,,,,,,,,,,,,,,,,,,,,,〇,,,,
蓝迷雾月,,,,,,,,,,,,,,,,,,,,,,,,,,,,,,,,,,,,,,,,,,,,,,,〇,〇,,,,,〇,,〇,,,,,,,,,,,,,,,,,,,,,,,,,,,,,,,,,,,,,,,,,,,,,,,,,,,,,
火星车5,,,,,,,,,,,,,,,,,,,,,,,,,,,,,,,,,,,,,,,,,,,,,,,〇,,,,,,,,〇,,,,,,,,,,,,,,,,,,,,,,,,,,,,,,,,,,,,,,,,,,,〇,,,,〇,,,,,,
迷茫的大将军,,,,,,,,,,,,,,,,,,,,,,〇,,,,,,,,,,,,,,,,,,〇,,,,,,〇,,,〇,〇,〇,,,,,〇,,,,,〇,〇,〇,,〇,〇,,〇,,,,,,,,,,,,,,,,,,,,,,,,,,,,,〇,〇,〇,〇,〇,〇,〇,,,,,
Guardian恒愽,,,,,,,,,,,,,,,,,,,,,,,,,,,,,,,,,,,,,,,,,,,,,,,,,〇,,,,,,,,,,,,,〇,〇,,,,,,,,,,,,,,,,,,,,,,,,,,,,,,,,,,,,,,〇,,,,,,,
莹莹之约fly,,,,,,,,,,,,,,,〇,〇,〇,,,,,,,,,,,,,,,,,,,,,,,,,,,,,,,,,,,,,,,〇,,,,,,〇,〇,,〇,,,〇,,,,,,,,,,,,,,,,,,,,,,,,,,,,,,,〇,〇,〇,〇,〇,,,〇,,〇
小麒涵,,,,,,,,,,,,,,,,,,,,,,,,,,,,,,,,,,,,,,,,,,〇,〇,〇,〇,,,,,,,,,,,,,,,,,,,,,,,,,,,,,,,,,,,,,,,,,,,,,,,,,,,,,,,,,,,,,,,
key_kona,,,,,,,,,,,,,,,,,,,,,,,,,,,〇,,,,,,,,,,,,,,,,,,,,,,,,,,,,,,,,,,,,,,,,,,,,,,,,,,,,,,,,,,,,,,,,,,,,,,,,,,,,,,,,,
白云玉月雪夜花,,,,,,,,,,,,,,,,,,,,,,,,,,,〇,,,,,,,,,,,,,,,,,,,,,,,,,,,,,,,,,,,,,,,,,,,,,,,,,,,,,,,,,,,,,,,,,,,,,,,,,,,,,,,,,
炫闪清灵2,,,,,,,,,,,,,,,,,,,,,〇,,,,,,,,,,,,,,,,,,,,,,,,,,,,,,,,,,,,,〇,〇,,,,,,,,,,,,,,,,,,,,,,,,,〇,,,,,,,〇,〇,,,,,,,,,,,,,,,,
朝阳山人,,,,,,,,,,,,,,,,,,,,,,,,,,,,,,,,,,,,,,,,,,〇,,,〇,,,,〇,,,,,,,,,,,,〇,〇,〇,,,,,,,,,,,,,,,,,,,,,,,,,,,,,,,,,,,,,,,,,,,,,
东篱小菊,,,,,,,,,,,,,,,,,,,,,,,,,,,,,,,,,,,,,,,,,,,,,,,,,,,,,,,,,,,,,,,,,,,,,,,,,,,,,,,,,,,,,,,,,,,,,,,,,〇,〇,,,,,,,,,,
爱孤存,,,,,,,,,,,,,,,,,,,,,,,,,,,,,,,,,,,,,,,〇,,,,,,,,,,,,,,,,,,,,,,,,,,,,,,,,,,,,,,,,,,,,,,,,,,,,,〇,,〇,〇,,,,,,,,,,〇,〇,〇,
繁华落尽小涛,,,,,,,,,,,,,,,,,,,,,,,,,,,,,,,,,,,,,,,,,,,,,,,,,,,,,,,,,,,,,,,,〇,〇,,,,,,,,,,,,,,,,,,,,,,,,,,,〇,,〇,〇,,,,,,,,,,〇,,〇,〇
夢隨飛絮,,,,,,,,,,,,,,,,,,,,,,,,,,,,,,,,,,,,,,,,,,,,,,,,,,,,,,,,,,,,,,,,〇,,,,,,,,,,,,,,,,,,,,,,,,,,,,〇,〇,〇,〇,〇,,,,,,,,,〇,〇,〇,〇
Lucky布瓜,,,,,,,,,,,,,,,,,,,,,,,,,,,,,,,〇,,,,,,,,,,,,,,,,,,,,,,,,,,,,,,,,,,,,,,,,,,,,,,,,,,,,,,,,,,,,,,,,,,,,,,,,,〇,,,,
小尺,,,,,,,,,,,,,,,,,,,,,,,,,,,,,,,〇,〇,〇,〇,〇,〇,〇,,,,,,,,,,,,,,,,,,,,,,,,,,,,,,,,,,,,,,,,,,,,,,,,,,,,,,,,,,,,,,,,,,,,,,,
11大有人在,,,,,,,,,,,,,,,,,,,,,,,,,,,,,,,,,,,,,,,,,,,,,,,,,,,,,,,,,,,,,,〇,,,,,,,,,,,,,,,,,,,,,,,,,,,,,,,,,,,,〇,,,,,,,,,,
凌云幽草,,,,,,,,,,,,,,,,,,,,,,,,,,,,,,,,,,,,,,,,,,,,,,〇,,,,,,,,,,,,,,,,,,,,〇,,,,,,,,,,,,,,,,,,,,,,,,,,,,,,,〇,〇,,〇,〇,,,,,,,
朋双喆,,,,,,,,,,,,,,,,,,,,,,,,,,,,,,,,,,,,,,,,,,,,,,,,,,,,,,,,,,,,,,,,,,,,,,,,,,,,,,,,,,,,,,,,,,,,,,,,,〇,〇,,,,,,,,,,
化帝,,,,,,,,,,,,,,,,,,,,,,,,,,,,,,,,,,,,,,,,,,,,,,,,,〇,〇,,,,,,,,,,,〇,〇,,,,,,,,,,,,,,,,,,,,,,,,,,,,,,,,,,,,,,,,,,,,,,
975551931,,,,,,,,,,,,,,,,,,,,,,,,,,,,,,,,,,,,,,,,,,,,,,,,,,,,,,,,,,,,,,〇,〇,,,,,,,,,,,,,,,,,,,,,,,,,,,,,,,,,,〇,,〇,,〇,〇,,,,,,
夏莫之莫,,,,,,,,,,,,,,,,,,,,,,,,,,,,,,,,,,,,,,,,,,,,,,,,,,,,,,,,,,,,,,,,,,,,,,,,,,,,,,,,,,,,,,,,,,,,,,〇,,,,,,,,,,,〇,,〇,
江藤平一,,,,,,,,,,,,,,,,,,,,,〇,,,,,,,,,,,,,,,,,,,,,,,,,,,,,,,,,,,,,,〇,,,,,,,〇,,〇,,,,,,,,,,,,,,,,,,,,,,,〇,,〇,〇,,,,,,,,,,,〇,,,〇
Mr_益先生,,,,,,,,,,,,,,,,,,,,,,,,,,,,,,,〇,〇,,,,,〇,〇,〇,〇,,,,,,,,,,,,,,,,,,,,,,,,,,,,,,,,,,,,,,,,,,,,,,,,,,,,〇,,,,,,,,,,,,,,,,
我想知道10000,,,,,,,,,,,,,,,,,,,,,,,,,,,,,,,,,,,,,,,,,,,,,,,,,,,,,,,〇,,,,,,,,,,〇,,,,,,,,,,,,,,,,,,,,,,,,,,,〇,,,,,,,,,,,,,,,,〇
用脚走路的鱼33,,,,,,,,,,,,,,,,,,,,,,,,,,,,,,,,,,,,,,,,,,,,,,,,,,,,,,,,,,,,,,,,,,,,,,,,,,,,,,,,,,,,,,,,,,,,,,,,,,,〇,,,,,,,,,
c6g,,,,,,,,,,,,,,,,,,,,,,,,,,,,,,,,,,,,,,,,,,〇,〇,〇,〇,,,,,,,,,,,,,,,,,,,,,,,,,,,,,,,,,,,,,,,,,,,,,,,,,,,,,,,,,,,,,,,
fyz搵笺临嵩,,,,,,,,,,,,,,,,,,,,,,,,,,,,,,,,,,,,,,,,,,〇,〇,〇,〇,,,,,,,,,,,,,,,,,,,,,,,,,,,,,,,,,,,,,,,,,,,,,,,,,,,,,,,,,,,,,,,
小航jason,,,,,,,,,,,,,,,,,,,,,,,,,,,,,,,〇,〇,〇,,,,〇,,〇,〇,,,,,,,,,,,,,,,,,,,,,,,,,,,〇,,,,,,,,,,,,,,,,,,,,,,,,,,,,,,,,,,,,,,,,,
张莒南,,,,,,,,,,,,,,,,,,,,,,,,,,,,,,,,,,,,,,,,,,〇,〇,〇,〇,,,,,,,,,,,,,,,,,,,,,,,,,,,,,,,,,,,,,,,,,,,,,,,,,,,,,,,,,,,,,,,
似梦丨似醒,,,,,,,,,,,,,,,,,,,,,,,,,,,,,,,〇,〇,〇,,,,,,〇,,,,,,,,,,,,,,,,,,,,,,,,,,,,,,,,,,,,,,,,,,,,,,,,,,,,,,,,,,,,,,,,,,,,,
象林将兵长史,,,,,,,,,,,,,,,,,,,,,,,,,,,,,,,,,,,,,,,,,,〇,〇,〇,〇,,,,,,,,,,,,,,,,,,,,,,,,,,,,,,,,,,,,,,,,,,,,,,,,,,,,,,,,,,,,,,,
greatxudou123,,,,,,,,,,,,,,,,,,,,,,,,,,,,,,,〇,,,,,,,,,,,,,,,,,,,,,,,,,,,,,,,,,,,,,,,,,,,,,,,,,,,,,,,,,,,,,,,,,,,,,,,,,,,,,
乡人原是客,,,,,,,,,,,,,,,,,,,,,,,,,,,,,,,〇,,,,,,,,,,,,,,,,,,,,,,,,,,,,,〇,,,,,,,,,,,,,,,,,,,,,,,,,,,,,,,,,,,,,,,,,,,,,,,,
大罗与互联网,,,,,,,,,,,,,,,,,,,,,,,,,,,,,,,,,,,,,,,,,,,,,,,,,,,,,,,,,,,,,,,,,,,,,,,,,,,,,,,,,,,,,,,,,,,,,,,,,,〇,,,,,,,,,,
奉天936,,,,,,,,,,,,,,,,,,,,,,,,,,,,,,,〇,〇,〇,〇,〇,〇,〇,,,,,〇,〇,〇,〇,,,,,,,,,,,,,,,,,,,,,,,,,,,,,,,,,,,,,,,,,,,,,,,,,,,,,,,,,,,,,,,
leesunky,,,,,,,,,,,,,,,,,,,,,,,,,,,,,,,〇,〇,,〇,〇,〇,〇,,,,,,,,,,,,,,,,,,,,,,,,,,,,,,,,,,,,,,,,,,,,,,,,,,,,,,,,,,,,〇,〇,〇,,,,,,,,,
菲尔普斯批发部,,,,,,,,,,,,,,,,,,,,,,,,,,,,,,,〇,,,,,,,,,,,,,,,,,,,,,,,,,,,,,,,,,,,,,,,,,,,,,,,,,,,,,,,,,,,,,,,,,,,,,,,,,,,,,
魔域han,,,,,,,,,,,,,,,,,,,,,,,,,,,,,,,,,,,,,,,,,,,,,,,,,,,,,,,,,,,,,,,,,,,,,,,,,,,,,,,,,,,,,,,,,,,,,,,,,,,,,,,,,,,〇,
壹统华夏,,,,,,,,,,,,,,,,,,,,,,,,,,,,,,,〇,〇,,,,,〇,,,,,〇,,,,,,,,,,,,,,,,,,,,,,,,,,,〇,,,,,,,,,,,,,,,,,,,,,,,,,,,,,,,,,,,,,,,
小布点843,〇,,,,,,,,,,,,,,,,,,,,,,,,,,,,,,,,,,,,,,,,,,,,,,,,,,,,,,,,,,,,,,,,,,,,,,,,,,,,,,,,,,,,,,,,,,,,,,,,,,,,,,,,,,,
校园帥,〇,,,,,,,,,,,,,,,,,,,,,,,,,,,,,,,,,,,,,,,,,,,,,,,,,,,,,,,,,,,,,,,,,,,,,,,,,,,,,,,,,,,,,,,,,,,,,,,,,,,,,,,,,,,
梁仪式,〇,,,,,,,,,,,,,,,,,,,,,,,,,,,,,,,,,,,,,,,,,,,,,,,,,,,,,,,,,,,,,,,,,,,,,,,,,,,,,,,,,,,,,,,,,,,,,,,,,,,,,,,,,,,
知橘锦木,〇,,,,,,,,,,,,,,,,,,,,,,,,,,,,,,,,,,,,,,,,,,,,,,,,,,,,,,,,,,,,,,,,,,,,,,,,,,,,,,,,,,,,,,,,,,,,,,,,,,,,,,,,,,,
v54008,〇,,,,,,,,,,,,,,,,,,,,,,,,,,,,,,,,,,,,,,,,,,,,,,,,,,,,,,,,,,,,,,,,,,,,,,,,,,,,,,,,,,,,,,,,,,,,,,,,,,,,,,,,,,,
大枪叼上天,〇,,,,,,,,,,,,,,,,,,,,,,,,,,,,,,,,,,,,,,,,,,,,,,,,,,,,,,,,,,,,,,,,,,,,,,,,,,,,,,,,,,,,,,,,,,,,,,,,,,,,,,,,,,,
小新微话,〇,,,,,,,,,,,,,,,,,,,,,,,,,,,,,,,,,,,,,,,,,,,,,,,,,,,,,,,,,,,,,,,,,,,,,,,,,,,,,,,,,,,,,,,,,,,,,,,,,,,,,,,,,,,
W冰川世纪W,〇,,,,,,,,,,,,,,,,,,,,,,,,,,,,,,,,,,,,,,,,,,,,,,,,,,,,,,,,,,,,,,,,,,,,,,,,,,,,,,,,,,,,,,,,,,,,,,,,,,,,,,,,,,,
knox1006（非蝌蚪）,,,,,,,,,,,,,,,,,,,,,,,,,,,,,,,,,,,,,,,,,,,,,,,,,,,,,,〇,,,,,,,,,,,,,,,,,,,,,,,,,,,,,,〇,,〇,,〇,〇,,,,,,,,,,,,,,,,,,,
长安梦客（非蝌蚪）,,,,,,,,,,,,〇,,,,,,,,,,,,,,,,,,,,,,,,,,,,,,,,,,,,,,,,,,,,,,,,,,,,,,,,,,,,,,,,,,,,,,,,,,,,,,,,,,,,,,,,,,,,,,,,
唯一的明帝（非蝌蚪）,,〇,〇,,,〇,,,,,,,,〇,,,,,,,,,,,,,,,,,,,,,,,,,,,,,,,,,,,,,,,,,,,,,,,,,,,,,,,,,,,,,,,,,,,,,,,,,,,,,,,,,,,,,,,,,,,,,,
小新533（非蝌蚪）,,〇,,,,〇,,,,,,〇,,〇,,,,,,,,,,,,,,,,,,,,,,,,,,,,,,,,,,,,,,,,,,,,,,,,,,,,,,,,,,,,,,,,,,,,,,,,,,,,,,,,,,,,,,,,,,,,,,
放着我来147（评审权待恢复）,,,〇,,,〇,,,〇,,,〇,〇,,〇,〇,〇,〇,,,,,,,,,,,,,,,,,,,,,,,,,,,,,〇,〇,〇,,,,,,〇,,,,,,,,,,,,,,,,,,,,,,,,,,,,,〇,,〇,,〇,,,,,,,,,,,〇,,,,,,,,,
羊年嘉宝888（待确认）,,,,,,,,,,,,,,,,,,,,,,,,,,,,,,,,,,,,,,,,,,,,,,,,,,,,,,,,,,,,,,,,,,,,,,,,,,,,,,,,,,,,,,,,,,,,,,,,,,,,,,,,,,,,
